model,R2,RMSE,MAE,Pearson_r,paper_R2
knn,0.6178495456124429,2.062733998102947,1.5778927568581818,0.7888051365614341,0.6148
